Timestamp,Altitude,V_vertical,A_vertical
1716239922,0.0,0.0,0.0
1716239952,0.0,0.0,0.0
1716239982,0.0,0.0,0.0
1716240012,0.0,0.0,0.0
1716240042,0.0,0.0,0.0
1716240072,0.0,0.0,0.0
1716240102,0.0,0.0,0.0
1716240132,0.0,0.0,0.0
1716240162,0.0,0.0,0.0
1716240192,0.0,0.0,0.0
1716240222,0.0,0.0,0.0
1716240252,0.0,0.0,0.0
1716240282,0.0,0.0,0.0
1716240312,0.0,0.0,0.0
1716240342,0.0,0.0,0.0
1716240372,0.0,0.0,0.0
1716240402,0.0,0.0,0.0
1716240432,0.0,0.0,0.0
1716240462,0.0,0.0,0.0
1716240492,0.0,0.0,0.0
1716240522,0.0,0.0,0.0
1716240552,0.0,0.0,0.0
1716240582,0.0,0.0,0.0
1716240612,0.0,0.0,0.0
1716240642,0.0,0.0,0.0
1716240672,0.0,0.0,0.0
1716240702,0.0,0.0,0.0
1716240732,0.0,0.0,0.0
1716240762,0.0,0.0,0.0
1716240792,0.0,0.0,0.0
1716240822,0.0,0.0,0.0
1716240852,0.0,0.0,0.0
1716240882,0.0,0.0,0.0
1716240912,0.0,0.0,0.0
1716240942,0.0,0.0,0.0
1716240972,0.0,0.0,0.0
1716241002,0.0,0.0,0.0
1716241032,0.0,0.0,0.0
1716241062,0.0,0.0,0.0
1716241092,150.0,34.09090909090909,8.212809917355372
1716241122,425.0,35.0,4.25
1716241152,1733.3333333333333,33.333333333333336,0.0
1716241182,2816.6666666666665,25.0,-2.7777777777777777
1716241212,3750.0,30.555555555555557,0.9259259259259263
1716241242,4425.0,19.444444444444446,-0.9259259259259258
1716241272,5425.0,34.44444444444444,-0.08024691358024699
1716241302,6010.9375,12.625558035714286,-0.9248694595025511
1716241332,6050.0,0.0,-0.1953125
1716241362,6050.0,0.0,0.0
1716241392,6035.0,-1.0,-0.06666666666666667
1716241422,6167.64705882353,7.655709342560553,0.44683444311980847
1716241452,7321.666666666667,45.66666666666667,0.9599128540305011
1716241482,8600.0,40.0,-0.3796296296296297
1716241512,9738.333333333334,42.666666666666664,0.6296296296296295
1716241542,11008.333333333334,41.666666666666664,-0.02777777777777779
1716241572,12210.0,40.0,-0.007407407407407404
1716241602,13282.575757575758,36.13865932047751,-0.11701032362189379
1716241632,13740.151515151516,17.102846648301195,-0.5889473244845146
1716241662,14450.735294117647,22.325547866205305,0.06988390931501043
1716241692,15412.121212121212,31.606168638254204,0.3215642753519159
1716241722,16469.696969696968,35.2157943067034,0.1304365973787462
1716241752,17547.727272727272,35.90449954086318,0.022956841138659326
1716241782,18600.757575757576,35.2157943067034,-0.018782870022539443
1716241812,19530.645161290322,31.04720461640337,-0.13817335148365573
1716241842,20328.125,26.53414818548387,-0.15468080774618265
1716241872,21211.764705882353,29.482050173010382,0.100971559879812
1716241902,22050.0,27.941176470588236,-0.05136245674740484
1716241932,22663.636363636364,21.135148274185706,-0.2109125929286286
1716241962,23379.545454545456,23.553719008264462,0.05266569437692431
1716241992,24125.0,24.848484848484848,0.04315886134067955
1716242022,24911.363636363636,26.101928374655646,0.04027882127055682
1716242052,25630.0,24.32034632034632,-0.04434324694064955
1716242082,26289.39393939394,22.05955660501115,-0.0780101004422138
1716242112,26920.833333333332,21.047979797979796,-0.03371922690104511
1716242142,27552.20588235294,21.02076124567474,-0.0022859883179443333
1716242172,28163.636363636364,20.466699076324744,-0.015479078005887421
1716242202,28725.8064516129,18.72102923091477,-0.05938300696820702
1716242232,29342.74193548387,20.577523413111344,0.06278589323804318
1716242262,29896.875,18.475932459677416,-0.07055244882446676
1716242292,30428.78787878788,17.752094811753903,-0.023581170477154426
1716242322,30860.60606060606,14.502266988062443,-0.1055938385215682
1716242352,30981.617647058825,5.2525689420153086,-0.2847943653688038
1716242382,31000.0,0.8042279411764706,-0.15871188569846387
1716242412,31000.0,0.0,-0.03481506238859179
1716242442,31015.625,0.48828125,0.0152587890625
1716242472,31011.363636363636,-0.05810950413223137,-0.014337835352491855
1716242502,31000.0,-0.4024621212121212,-0.013675462006427913
1716242532,31000.0,0.0,0.014348025711662075
1716242562,31007.8125,0.244140625,0.00762939453125
1716242592,31019.117647058825,0.4244160899653979,0.008174462204864646
1716242622,31000.0,-0.6404174573055029,-0.035788315678233096
1716242652,31000.0,0.0,0.021626297577854673
1716242682,31000.0,0.0,0.0006976225025114406
1716242712,31000.0,0.0,0.0
1716242742,31000.0,0.0,0.0
1716242772,31000.0,0.0,0.0
1716242802,31016.176470588234,0.4757785467128028,0.013993486668023612
1716242832,31011.363636363636,-0.07899854156538644,-0.014845399864988642
1716242862,31000.0,-0.4132231404958678,-0.014240607337350168
1716242892,31000.0,0.0,0.014608898906419567
1716242922,31000.0,0.0,0.0
1716242952,31000.0,0.0,0.0
1716242982,31000.0,0.0,0.0
1716243012,31000.0,0.0,0.0
1716243042,31000.0,0.0,0.0
1716243072,31000.0,0.0,0.0
1716243102,31000.0,0.0,0.0
1716243132,31000.0,0.0,0.0
1716243162,31014.84375,0.4638671875,0.014495849609375
1716243192,31012.5,0.022977941176470562,-0.01009508812716263
1716243222,31000.0,-0.4456327985739751,-0.018255256242830954
1716243252,31000.0,0.0,0.01552962782909307
1716243282,31000.0,0.0,0.0
1716243312,31000.0,0.0,0.0
1716243342,31000.0,0.0,0.0
1716243372,31000.0,0.0,0.0
1716243402,31000.0,0.0,0.0
1716243432,31000.0,0.0,0.0
1716243462,31000.0,0.0,0.0
1716243492,31000.0,0.0,0.0
1716243522,31000.0,0.0,0.0
1716243552,31000.0,0.0,0.0
1716243582,31000.0,0.0,0.0
1716243612,31000.0,0.0,0.0
1716243642,31000.0,0.0,0.0
1716243672,31000.0,0.0,0.0
1716243702,31000.0,0.0,0.0
1716243732,31000.0,0.0,0.0
1716243762,31000.0,0.0,0.0
1716243792,31000.0,0.0,0.0
1716243822,31000.0,0.0,0.0
1716243852,31000.0,0.0,0.0
1716243882,31000.0,0.0,0.0
1716243912,31000.0,0.0,0.0
1716243942,31000.0,0.0,0.0
1716243972,31000.0,0.0,0.0
1716244002,31000.0,0.0,0.0
1716244032,31000.0,0.0,0.0
1716244062,31000.0,0.0,0.0
1716244092,31000.0,0.0,0.0
1716244122,31000.0,0.0,0.0
1716244152,31000.0,0.0,0.0
1716244182,31000.0,0.0,0.0
1716244212,31000.0,0.0,0.0
1716244242,31000.0,0.0,0.0
1716244272,31000.0,0.0,0.0
1716244302,31000.0,0.0,0.0
1716244332,31000.0,0.0,0.0
1716244362,31000.0,0.0,0.0
1716244392,31000.0,0.0,0.0
1716244422,31000.0,0.0,0.0
1716244452,31000.0,0.0,0.0
1716244482,31000.0,0.0,0.0
1716244512,31000.0,0.0,0.0
1716244542,31000.0,0.0,0.0
1716244572,31000.0,0.0,0.0
1716244602,31000.0,0.0,0.0
1716244632,31000.0,0.0,0.0
1716244662,31000.0,0.0,0.0
1716244692,31000.0,0.0,0.0
1716244722,31000.0,0.0,0.0
1716244752,31000.0,0.0,0.0
1716244782,31000.0,0.0,0.0
1716244812,31000.0,0.0,0.0
1716244842,31000.0,0.0,0.0
1716244872,31000.0,0.0,0.0
1716244902,31000.0,0.0,0.0
1716244932,31000.0,0.0,0.0
1716244962,31000.0,0.0,0.0
1716244992,31000.0,0.0,0.0
1716245022,31000.0,0.0,0.0
1716245052,31000.0,0.0,0.0
1716245082,31000.0,0.0,0.0
1716245112,31000.0,0.0,0.0
1716245142,31000.0,0.0,0.0
1716245172,31000.0,0.0,0.0
1716245202,31000.0,0.0,0.0
1716245232,31000.0,0.0,0.0
1716245262,31000.0,0.0,0.0
1716245292,31000.0,0.0,0.0
1716245322,31000.0,0.0,0.0
1716245352,31000.0,0.0,0.0
1716245382,31000.0,0.0,0.0
1716245412,31000.0,0.0,0.0
1716245442,31000.0,0.0,0.0
1716245472,31000.0,0.0,0.0
1716245502,31020.833333333332,0.6944444444444445,0.02314814814814815
1716245532,31025.0,0.22058823529411764,-0.01066897347174164
1716245562,31007.5,-0.5833333333333334,-0.026797385620915035
1716245592,31015.909090909092,0.1790633608815425,0.02057767760247099
1716245622,31011.764705882353,-0.03276711754220407,-0.0005586180252649536
1716245652,31000.0,-0.42335115864527634,-0.01582751071584038
1716245682,31000.0,0.0,0.014622326203208556
1716245712,31000.0,0.0,0.0
1716245742,31000.0,0.0,0.0
1716245772,31000.0,0.0,0.0
1716245802,31000.0,0.0,0.0
1716245832,31000.0,0.0,0.0
1716245862,31000.0,0.0,0.0
1716245892,31000.0,0.0,0.0
1716245922,31000.0,0.0,0.0
1716245952,31000.0,0.0,0.0
1716245982,31000.0,0.0,0.0
1716246012,31000.0,0.0,0.0
1716246042,31000.0,0.0,0.0
1716246072,31000.0,0.0,0.0
1716246102,31000.0,0.0,0.0
1716246132,31000.0,0.0,0.0
1716246162,31000.0,0.0,0.0
1716246192,31000.0,0.0,0.0
1716246222,31000.0,0.0,0.0
1716246252,31000.0,0.0,0.0
1716246282,31000.0,0.0,0.0
1716246312,31000.0,0.0,0.0
1716246342,31000.0,0.0,0.0
1716246372,31000.0,0.0,0.0
1716246402,31000.0,0.0,0.0
1716246432,31000.0,0.0,0.0
1716246462,31000.0,0.0,0.0
1716246492,31000.0,0.0,0.0
1716246522,31000.0,0.0,0.0
1716246552,31000.0,0.0,0.0
1716246582,31000.0,0.0,0.0
1716246612,31000.0,0.0,0.0
1716246642,31000.0,0.0,0.0
1716246672,31000.0,0.0,0.0
1716246702,31000.0,0.0,0.0
1716246732,31000.0,0.0,0.0
1716246762,31000.0,0.0,0.0
1716246792,31000.0,0.0,0.0
1716246822,31000.0,0.0,0.0
1716246852,31000.0,0.0,0.0
1716246882,31000.0,0.0,0.0
1716246912,31000.0,0.0,0.0
1716246942,31000.0,0.0,0.0
1716246972,31000.0,0.0,0.0
1716247002,31000.0,0.0,0.0
1716247032,31000.0,0.0,0.0
1716247062,31000.0,0.0,0.0
1716247092,31000.0,0.0,0.0
1716247122,31000.0,0.0,0.0
1716247152,31000.0,0.0,0.0
1716247182,31000.0,0.0,0.0
1716247212,31000.0,0.0,0.0
1716247242,31000.0,0.0,0.0
1716247272,31000.0,0.0,0.0
1716247302,31000.0,0.0,0.0
1716247332,31000.0,0.0,0.0
1716247362,31000.0,0.0,0.0
1716247392,31000.0,0.0,0.0
1716247422,31000.0,0.0,0.0
1716247452,31000.0,0.0,0.0
1716247482,31000.0,0.0,0.0
1716247512,31000.0,0.0,0.0
1716247542,31000.0,0.0,0.0
1716247572,31000.0,0.0,0.0
1716247602,31000.0,0.0,0.0
1716247632,31000.0,0.0,0.0
1716247662,31000.0,0.0,0.0
1716247692,31000.0,0.0,0.0
1716247722,31000.0,0.0,0.0
1716247752,31000.0,0.0,0.0
1716247782,31000.0,0.0,0.0
1716247812,31000.0,0.0,0.0
1716247842,31000.0,0.0,0.0
1716247872,31000.0,0.0,0.0
1716247902,31000.0,0.0,0.0
1716247932,31000.0,0.0,0.0
1716247962,31000.0,0.0,0.0
1716247992,31000.0,0.0,0.0
1716248022,31000.0,0.0,0.0
1716248052,31000.0,0.0,0.0
1716248082,31000.0,0.0,0.0
1716248112,31000.0,0.0,0.0
1716248142,31000.0,0.0,0.0
1716248172,31000.0,0.0,0.0
1716248202,31000.0,0.0,0.0
1716248232,31000.0,0.0,0.0
1716248262,31000.0,0.0,0.0
1716248292,31000.0,0.0,0.0
1716248322,31000.0,0.0,0.0
1716248352,31000.0,0.0,0.0
1716248382,31000.0,0.0,0.0
1716248412,31000.0,0.0,0.0
1716248442,31000.0,0.0,0.0
1716248472,31000.0,0.0,0.0
1716248502,31000.0,0.0,0.0
1716248532,31000.0,0.0,0.0
1716248562,31000.0,0.0,0.0
1716248592,31000.0,0.0,0.0
1716248622,31000.0,0.0,0.0
1716248652,31000.0,0.0,0.0
1716248682,31000.0,0.0,0.0
1716248712,31000.0,0.0,0.0
1716248742,31000.0,0.0,0.0
1716248772,31021.875,0.68359375,0.0213623046875
1716248802,31004.6875,-0.48828125,-0.03509521484375
1716248832,31018.75,0.390625,0.0244140625
1716248862,31007.8125,-0.29296875,-0.018310546875
1716248892,31000.0,-0.26041666666666663,0.0010850694444444475
1716248922,31000.0,0.0,0.010723039215686276
1716248952,31012.121212121212,0.3673094582185491,0.011130589642986336
1716248982,31014.84375,0.13242779356060608,-0.005905249449394516
1716249012,31000.0,-0.5126953125,-0.02316561612215909
1716249042,31000.0,0.0,0.017547607421875
1716249072,31000.0,0.0,0.0
1716249102,31000.0,0.0,0.0
1716249132,31000.0,0.0,0.0
1716249162,31000.0,0.0,0.0
1716249192,31000.0,0.0,0.0
1716249222,31000.0,0.0,0.0
1716249252,31000.0,0.0,0.0
1716249282,31000.0,0.0,0.0
1716249312,31000.0,0.0,0.0
1716249342,31000.0,0.0,0.0
1716249372,31000.0,0.0,0.0
1716249402,31000.0,0.0,0.0
1716249432,31000.0,0.0,0.0
1716249462,31000.0,0.0,0.0
1716249492,31000.0,0.0,0.0
1716249522,31000.0,0.0,0.0
1716249552,31064.516129032258,2.0811654526534857,0.06713436944043502
1716249582,31502.702702702703,14.284031197719079,0.4085539832102831
1716249612,32272.972972972973,24.640071632225077,0.3509606783071772
1716249642,32877.34375,20.491316511824323,-0.10807351327396936
1716249672,32979.13907284768,16.297599337748345,-0.16130996191545352
1716249702,32984.105960264904,12.417218543046358,-0.12446595337615987
1716249732,32989.07284768212,8.536837748344372,-0.08762194483686621
1716249762,32994.03973509934,4.656456953642385,-0.050777936297572546
1716249792,32999.00662251656,0.7760761589403984,-0.013933927758278897
1716249822,33000.0,0.0,-0.0019309194265941668
1716249852,33000.0,0.0,0.0
1716249882,33000.0,0.0,0.0
1716249912,33000.0,0.0,0.0
1716249942,33000.0,0.0,0.0
1716249972,33000.0,0.0,0.0
1716250002,33000.0,0.0,0.0
1716250032,33000.0,0.0,0.0
1716250062,33000.0,0.0,0.0
1716250092,33000.0,0.0,0.0
1716250122,33000.0,0.0,0.0
1716250152,33000.0,0.0,0.0
1716250182,33000.0,0.0,0.0
1716250212,33000.0,0.0,0.0
1716250242,33000.0,0.0,0.0
1716250272,33000.0,0.0,0.0
1716250302,33000.0,0.0,0.0
1716250332,33000.0,0.0,0.0
1716250362,33000.0,0.0,0.0
1716250392,33000.0,0.0,0.0
1716250422,33000.0,0.0,0.0
1716250452,33000.0,0.0,0.0
1716250482,33000.0,0.0,0.0
1716250512,33000.0,0.0,0.0
1716250542,33000.0,0.0,0.0
1716250572,33000.0,0.0,0.0
1716250602,33000.0,0.0,0.0
1716250632,33000.0,0.0,0.0
1716250662,33000.0,0.0,0.0
1716250692,33000.0,0.0,0.0
1716250722,33000.0,0.0,0.0
1716250752,33000.0,0.0,0.0
1716250782,33000.0,0.0,0.0
1716250812,33000.0,0.0,0.0
1716250842,33000.0,0.0,0.0
1716250872,33000.0,0.0,0.0
1716250902,33000.0,0.0,0.0
1716250932,33000.0,0.0,0.0
1716250962,33000.0,0.0,0.0
1716250992,33000.0,0.0,0.0
1716251022,33000.0,0.0,0.0
1716251052,33000.0,0.0,0.0
1716251082,33000.0,0.0,0.0
1716251112,33000.0,0.0,0.0
1716251142,33000.0,0.0,0.0
1716251172,33000.0,0.0,0.0
1716251202,33000.0,0.0,0.0
1716251232,33000.0,0.0,0.0
1716251262,33000.0,0.0,0.0
1716251292,33000.0,0.0,0.0
1716251322,33000.0,0.0,0.0
1716251352,33000.0,0.0,0.0
1716251382,33000.0,0.0,0.0
1716251412,33000.0,0.0,0.0
1716251442,33000.0,0.0,0.0
1716251472,33000.0,0.0,0.0
1716251502,33000.0,0.0,0.0
1716251532,33000.0,0.0,0.0
1716251562,33000.0,0.0,0.0
1716251592,33000.0,0.0,0.0
1716251622,33000.0,0.0,0.0
1716251652,33000.0,0.0,0.0
1716251682,33000.0,0.0,0.0
1716251712,33000.0,0.0,0.0
1716251742,33000.0,0.0,0.0
1716251772,33000.0,0.0,0.0
1716251802,33000.0,0.0,0.0
1716251832,33000.0,0.0,0.0
1716251862,33000.0,0.0,0.0
1716251892,33000.0,0.0,0.0
1716251922,33000.0,0.0,0.0
1716251952,33000.0,0.0,0.0
1716251982,33000.0,0.0,0.0
1716252012,33000.0,0.0,0.0
1716252042,33000.0,0.0,0.0
1716252072,33000.0,0.0,0.0
1716252102,33000.0,0.0,0.0
1716252132,33000.0,0.0,0.0
1716252162,33000.0,0.0,0.0
1716252192,33000.0,0.0,0.0
1716252222,33000.0,0.0,0.0
1716252252,33000.0,0.0,0.0
1716252282,33000.0,0.0,0.0
1716252312,33000.0,0.0,0.0
1716252342,33000.0,0.0,0.0
1716252372,33000.0,0.0,0.0
1716252402,33000.0,0.0,0.0
1716252432,33000.0,0.0,0.0
1716252462,33000.0,0.0,0.0
1716252492,33000.0,0.0,0.0
1716252522,33000.0,0.0,0.0
1716252552,33000.0,0.0,0.0
1716252582,33000.0,0.0,0.0
1716252612,33000.0,0.0,0.0
1716252642,33000.0,0.0,0.0
1716252672,33000.0,0.0,0.0
1716252702,33000.0,0.0,0.0
1716252732,33000.0,0.0,0.0
1716252762,33000.0,0.0,0.0
1716252792,33000.0,0.0,0.0
1716252822,33000.0,0.0,0.0
1716252852,33000.0,0.0,0.0
1716252882,33000.0,0.0,0.0
1716252912,33000.0,0.0,0.0
1716252942,33000.0,0.0,0.0
1716252972,33000.0,0.0,0.0
1716253002,33000.0,0.0,0.0
1716253032,33000.0,0.0,0.0
1716253062,33000.0,0.0,0.0
1716253092,33000.0,0.0,0.0
1716253122,33000.0,0.0,0.0
1716253152,33000.0,0.0,0.0
1716253182,33000.0,0.0,0.0
1716253212,33000.0,0.0,0.0
1716253242,33000.0,0.0,0.0
1716253272,33000.0,0.0,0.0
1716253302,33000.0,0.0,0.0
1716253332,33000.0,0.0,0.0
1716253362,33000.0,0.0,0.0
1716253392,33000.0,0.0,0.0
1716253422,33000.0,0.0,0.0
1716253452,33000.0,0.0,0.0
1716253482,33000.0,0.0,0.0
1716253512,33000.0,0.0,0.0
1716253542,33000.0,0.0,0.0
1716253572,33000.0,0.0,0.0
1716253602,33000.0,0.0,0.0
1716253632,33000.0,0.0,0.0
1716253662,33000.0,0.0,0.0
1716253692,33000.0,0.0,0.0
1716253722,33000.0,0.0,0.0
1716253752,33000.0,0.0,0.0
1716253782,33000.0,0.0,0.0
1716253812,33000.0,0.0,0.0
1716253842,33000.0,0.0,0.0
1716253872,33000.0,0.0,0.0
1716253902,33000.0,0.0,0.0
1716253932,33000.0,0.0,0.0
1716253962,33000.0,0.0,0.0
1716253992,33000.0,0.0,0.0
1716254022,33000.0,0.0,0.0
1716254052,33000.0,0.0,0.0
1716254082,33000.0,0.0,0.0
1716254112,33000.0,0.0,0.0
1716254142,33000.0,0.0,0.0
1716254172,33000.0,0.0,0.0
1716254202,33000.0,0.0,0.0
1716254232,33000.0,0.0,0.0
1716254262,33000.0,0.0,0.0
1716254292,33000.0,0.0,0.0
1716254322,33000.0,0.0,0.0
1716254352,33000.0,0.0,0.0
1716254382,33000.0,0.0,0.0
1716254412,33000.0,0.0,0.0
1716254442,33000.0,0.0,0.0
1716254472,33000.0,0.0,0.0
1716254502,33000.0,0.0,0.0
1716254532,33000.0,0.0,0.0
1716254562,33000.0,0.0,0.0
1716254592,33000.0,0.0,0.0
1716254622,33000.0,0.0,0.0
1716254652,33000.0,0.0,0.0
1716254682,33000.0,0.0,0.0
1716254712,33000.0,0.0,0.0
1716254742,33000.0,0.0,0.0
1716254772,33000.0,0.0,0.0
1716254802,33000.0,0.0,0.0
1716254832,33000.0,0.0,0.0
1716254862,33000.0,0.0,0.0
1716254892,33000.0,0.0,0.0
1716254922,33000.0,0.0,0.0
1716254952,33000.0,0.0,0.0
1716254982,33000.0,0.0,0.0
1716255012,33000.0,0.0,0.0
1716255042,33000.0,0.0,0.0
1716255072,33000.0,0.0,0.0
1716255102,33000.0,0.0,0.0
1716255132,33000.0,0.0,0.0
1716255162,33000.0,0.0,0.0
1716255192,33000.0,0.0,0.0
1716255222,33000.0,0.0,0.0
1716255252,33000.0,0.0,0.0
1716255282,33000.0,0.0,0.0
1716255312,33000.0,0.0,0.0
1716255342,33000.0,0.0,0.0
1716255372,33000.0,0.0,0.0
1716255402,33000.0,0.0,0.0
1716255432,33000.0,0.0,0.0
1716255462,33000.0,0.0,0.0
1716255492,33000.0,0.0,0.0
1716255522,33000.0,0.0,0.0
1716255552,33000.0,0.0,0.0
1716255582,33000.0,0.0,0.0
1716255612,33000.0,0.0,0.0
1716255642,33000.0,0.0,0.0
1716255672,33000.0,0.0,0.0
1716255702,33000.0,0.0,0.0
1716255732,33000.0,0.0,0.0
1716255762,33000.0,0.0,0.0
1716255792,33000.0,0.0,0.0
1716255822,33000.0,0.0,0.0
1716255852,33000.0,0.0,0.0
1716255882,33000.0,0.0,0.0
1716255912,33000.0,0.0,0.0
1716255942,33000.0,0.0,0.0
1716255972,33000.0,0.0,0.0
1716256002,33000.0,0.0,0.0
1716256032,33000.0,0.0,0.0
1716256062,33000.0,0.0,0.0
1716256092,33000.0,0.0,0.0
1716256122,33000.0,0.0,0.0
1716256152,32994.69696969697,-0.16069788797061524,-0.004869632968806522
1716256182,32991.666666666664,0.8838383838383841,0.1214799510254056
1716256212,33000.0,0.0,3.308823529411765
1716256242,33000.0,0.0,0.0
1716256272,33000.0,0.0,0.0
1716256302,33000.0,0.0,0.0
1716256332,33000.0,0.0,0.0
1716256362,33000.0,0.0,0.0
1716256392,33000.0,0.0,0.0
1716256422,33000.0,0.0,0.0
1716256452,33000.0,0.0,0.0
1716256482,33000.0,0.0,0.0
1716256512,33000.0,0.0,0.0
1716256542,33000.0,0.0,0.0
1716256572,33000.0,0.0,0.0
1716256602,33000.0,0.0,0.0
1716256632,33000.0,0.0,0.0
1716256662,33000.0,0.0,0.0
1716256692,33000.0,0.0,0.0
1716256722,33000.0,0.0,0.0
1716256752,33000.0,0.0,0.0
1716256782,33000.0,0.0,0.0
1716256812,33000.0,0.0,0.0
1716256842,33000.0,0.0,0.0
1716256872,33000.0,0.0,0.0
1716256902,33000.0,0.0,0.0
1716256932,33000.0,0.0,0.0
1716256962,33000.0,0.0,0.0
1716256992,33000.0,0.0,0.0
1716257022,33000.0,0.0,0.0
1716257052,33000.0,0.0,0.0
1716257082,33000.0,0.0,0.0
1716257112,33000.0,0.0,0.0
1716257142,33000.0,0.0,0.0
1716257172,33000.0,0.0,0.0
1716257202,33000.0,0.0,0.0
1716257232,33000.0,0.0,0.0
1716257262,33000.0,0.0,0.0
1716257292,33000.0,0.0,0.0
1716257322,33000.0,0.0,0.0
1716257352,33000.0,0.0,0.0
1716257382,33000.0,0.0,0.0
1716257412,33000.0,0.0,0.0
1716257442,33000.0,0.0,0.0
1716257472,33000.0,0.0,0.0
1716257502,33000.0,0.0,0.0
1716257532,33000.0,0.0,0.0
1716257562,33000.0,0.0,0.0
1716257592,33000.0,0.0,0.0
1716257622,33000.0,0.0,0.0
1716257652,33000.0,0.0,0.0
1716257682,33000.0,0.0,0.0
1716257712,33000.0,0.0,0.0
1716257742,33000.0,0.0,0.0
1716257772,33000.0,0.0,0.0
1716257802,33000.0,0.0,0.0
1716257832,33000.0,0.0,0.0
1716257862,33000.0,0.0,0.0
1716257892,33000.0,0.0,0.0
1716257922,33000.0,0.0,0.0
1716257952,33000.0,0.0,0.0
1716257982,33000.0,0.0,0.0
1716258012,33000.0,0.0,0.0
1716258042,33000.0,0.0,0.0
1716258072,33000.0,0.0,0.0
1716258102,33000.0,0.0,0.0
1716258132,33000.0,0.0,0.0
1716258162,33000.0,0.0,0.0
1716258192,33000.0,0.0,0.0
1716258222,33000.0,0.0,0.0
1716258252,33000.0,0.0,0.0
1716258282,33000.0,0.0,0.0
1716258312,33000.0,0.0,0.0
1716258342,33000.0,0.0,0.0
1716258372,33000.0,0.0,0.0
1716258402,33000.0,0.0,0.0
1716258432,33000.0,0.0,0.0
1716258462,33000.0,0.0,0.0
1716258492,33000.0,0.0,0.0
1716258522,33000.0,0.0,0.0
1716258552,33000.0,0.0,0.0
1716258582,33000.0,0.0,0.0
1716258612,33000.0,0.0,0.0
1716258642,33000.0,0.0,0.0
1716258672,33000.0,0.0,0.0
1716258702,33000.0,0.0,0.0
1716258732,33000.0,0.0,0.0
1716258762,33000.0,0.0,0.0
1716258792,33000.0,0.0,0.0
1716258822,33000.0,0.0,0.0
1716258852,33000.0,0.0,0.0
1716258882,33000.0,0.0,0.0
1716258912,33000.0,0.0,0.0
1716258942,33000.0,0.0,0.0
1716258972,33000.0,0.0,0.0
1716259002,33000.0,0.0,0.0
1716259032,33000.0,0.0,0.0
1716259062,33000.0,0.0,0.0
1716259092,33000.0,0.0,0.0
1716259122,33000.0,0.0,0.0
1716259152,33000.0,0.0,0.0
1716259182,33000.0,0.0,0.0
1716259212,33000.0,0.0,0.0
1716259242,33000.0,0.0,0.0
1716259272,33000.0,0.0,0.0
1716259302,33000.0,0.0,0.0
1716259332,33000.0,0.0,0.0
1716259362,33000.0,0.0,0.0
1716259392,33000.0,0.0,0.0
1716259422,33000.0,0.0,0.0
1716259452,33000.0,0.0,0.0
1716259482,33000.0,0.0,0.0
1716259512,33000.0,0.0,0.0
1716259542,33000.0,0.0,0.0
1716259572,33000.0,0.0,0.0
1716259602,33000.0,0.0,0.0
1716259632,33000.0,0.0,0.0
1716259662,33000.0,0.0,0.0
1716259692,33000.0,0.0,0.0
1716259722,33000.0,0.0,0.0
1716259752,33000.0,0.0,0.0
1716259782,33000.0,0.0,0.0
1716259812,33000.0,0.0,0.0
1716259842,33000.0,0.0,0.0
1716259872,33000.0,0.0,0.0
1716259902,33000.0,0.0,0.0
1716259932,33000.0,0.0,0.0
1716259962,33000.0,0.0,0.0
1716259992,33000.0,0.0,0.0
1716260022,33000.0,0.0,0.0
1716260052,33000.0,0.0,0.0
1716260082,33000.0,0.0,0.0
1716260112,33000.0,0.0,0.0
1716260142,33000.0,0.0,0.0
1716260172,33000.0,0.0,0.0
1716260202,33000.0,0.0,0.0
1716260232,33000.0,0.0,0.0
1716260262,33000.0,0.0,0.0
1716260292,33000.0,0.0,0.0
1716260322,33052.94117647059,1.5570934256055362,0.04579686545898636
1716260352,33341.666666666664,9.624183006535947,0.2689029860310137
1716260382,34179.41176470588,28.070934256055363,0.630979035212701
1716260412,34775.0,19.852941176470587,-0.2739331026528259
1716260442,35025.0,8.333333333333334,-0.3839869281045751
1716260472,35002.27272727273,0.06887052341597766,-0.28534616952215397
1716260502,35000.0,-0.09775171065493649,-0.014261429926929914
1716260532,35000.0,0.0,0.005750100626760967
1716260562,35000.0,0.0,0.0
1716260592,35000.0,0.0,0.0
1716260622,35000.0,0.0,0.0
1716260652,35000.0,0.0,0.0
1716260682,35000.0,0.0,0.0
1716260712,35000.0,0.0,0.0
1716260742,35004.41176470588,0.12975778546712805,0.0038164054549155303
1716260772,35025.0,0.6862745098039216,0.01855055747789312
1716260802,35023.48484848485,-0.04591368227731864,-0.02441568496502867
1716260832,35000.757575757576,-0.7346189164370982,-0.023003900616929297
1716260862,35000.0,-0.1114081996434938,0.01562892212467551
1716260892,35000.0,0.0,0.005401609679684543
1716260922,35000.0,0.0,0.0
1716260952,35000.0,0.0,0.0
1716260982,35000.0,0.0,0.0
1716261012,35000.0,0.0,0.0
1716261042,35000.0,0.0,0.0
1716261072,35000.0,0.0,0.0
1716261102,35000.0,0.0,0.0
1716261132,35000.0,0.0,0.0
1716261162,35000.0,0.0,0.0
1716261192,35000.0,0.0,0.0
1716261222,35000.0,0.0,0.0
1716261252,35000.0,0.0,0.0
1716261282,35000.0,0.0,0.0
1716261312,35000.0,0.0,0.0
1716261342,35000.0,0.0,0.0
1716261372,35000.0,0.0,0.0
1716261402,35000.0,0.0,0.0
1716261432,35000.0,0.0,0.0
1716261462,35000.0,0.0,0.0
1716261492,35000.0,0.0,0.0
1716261522,35000.0,0.0,0.0
1716261552,35000.0,0.0,0.0
1716261582,35000.0,0.0,0.0
1716261612,35000.0,0.0,0.0
1716261642,35000.0,0.0,0.0
1716261672,35000.0,0.0,0.0
1716261702,35000.0,0.0,0.0
1716261732,35000.0,0.0,0.0
1716261762,35000.0,0.0,0.0
1716261792,35000.0,0.0,0.0
1716261822,35000.0,0.0,0.0
1716261852,35000.0,0.0,0.0
1716261882,35000.0,0.0,0.0
1716261912,35000.0,0.0,0.0
1716261942,35000.0,0.0,0.0
1716261972,35000.0,0.0,0.0
1716262002,35000.0,0.0,0.0
1716262032,35000.0,0.0,0.0
1716262062,35000.0,0.0,0.0
1716262092,35000.0,0.0,0.0
1716262122,35000.0,0.0,0.0
1716262152,35000.0,0.0,0.0
1716262182,34981.45161290323,-0.5983350676378772,-0.01930113121412507
1716262212,35016.666666666664,-2.777777777777778,-0.925925925925926
1716262242,35000.0,-0.8064516129032251,-0.02601456815816805
1716262272,35000.0,0.0,0.04887585532746824
1716262302,35000.0,0.0,0.0
1716262332,35000.0,0.0,0.0
1716262362,35000.0,0.0,0.0
1716262392,35000.0,0.0,0.0
1716262422,35000.0,0.0,0.0
1716262452,35000.0,0.0,0.0
1716262482,35000.0,0.0,0.0
1716262512,35000.0,0.0,0.0
1716262542,35000.0,0.0,0.0
1716262572,35000.0,0.0,0.0
1716262602,35000.0,0.0,0.0
1716262632,35000.0,0.0,0.0
1716262662,35000.0,0.0,0.0
1716262692,35000.0,0.0,0.0
1716262722,35000.0,0.0,0.0
1716262752,35000.0,0.0,0.0
1716262782,35000.0,0.0,0.0
1716262812,35000.0,0.0,0.0
1716262842,35000.0,0.0,0.0
1716262872,35000.0,0.0,0.0
1716262902,35000.0,0.0,0.0
1716262932,35000.0,0.0,0.0
1716262962,35000.0,0.0,0.0
1716262992,35000.0,0.0,0.0
1716263022,35000.0,0.0,0.0
1716263052,35000.0,0.0,0.0
1716263082,35000.0,0.0,0.0
1716263112,35000.0,0.0,0.0
1716263142,35000.0,0.0,0.0
1716263172,35000.0,0.0,0.0
1716263202,35000.0,0.0,0.0
1716263232,35000.0,0.0,0.0
1716263262,35000.0,0.0,0.0
1716263292,35000.0,0.0,0.0
1716263322,35000.0,0.0,0.0
1716263352,35000.0,0.0,0.0
1716263382,35000.0,0.0,0.0
1716263412,35000.0,0.0,0.0
1716263442,35000.0,0.0,0.0
1716263472,35000.0,0.0,0.0
1716263502,35000.0,0.0,0.0
1716263532,35000.0,0.0,0.0
1716263562,35000.0,0.0,0.0
1716263592,35000.0,0.0,0.0
1716263622,35000.0,0.0,0.0
1716263652,35000.0,0.0,0.0
1716263682,35000.0,0.0,0.0
1716263712,35000.0,0.0,0.0
1716263742,35000.0,0.0,0.0
1716263772,35000.0,0.0,0.0
1716263802,35000.0,0.0,0.0
1716263832,35000.0,0.0,0.0
1716263862,35000.0,0.0,2.0715725806451615
1716263892,35000.0,0.0,2.02116935483871
1716263922,35000.0,0.0,1.9707661290322582
1716263952,35000.0,0.0,1.9203629032258065
1716263982,35000.0,0.0,1.869959677419355
1716264012,35000.0,0.0,1.8195564516129035
1716264042,35000.0,0.0,1.7691532258064517
1716264072,35000.0,0.0,1.7187500000000002
1716264102,35000.0,0.0,1.6683467741935485
1716264132,35000.0,0.0,1.617943548387097
1716264162,35000.0,0.0,1.5675403225806455
1716264192,35000.0,0.0,1.5171370967741937
1716264222,35000.0,0.0,1.466733870967742
1716264252,35000.0,0.0,1.4163306451612905
1716264282,35000.0,0.0,1.365927419354839
1716264312,35000.0,0.0,1.3155241935483872
1716264342,35000.0,0.0,1.2651209677419355
1716264372,35000.0,0.0,1.214717741935484
1716264402,35000.0,0.0,1.1643145161290325
1716264432,35000.0,0.0,1.1139112903225807
1716264462,35000.0,0.0,1.0635080645161292
1716264492,35000.0,0.0,1.0131048387096775
1716264522,35000.0,0.0,0.962701612903226
1716264552,35000.0,0.0,0.9122983870967742
1716264582,35000.0,0.0,0.8618951612903227
1716264612,35000.0,0.0,0.811491935483871
1716264642,35000.0,0.0,0.7610887096774195
1716264672,35000.0,0.0,0.710685483870968
1716264702,35000.0,0.0,0.6602822580645162
1716264732,35000.0,0.0,0.6098790322580647
1716264762,35000.0,0.0,0.559475806451613
1716264792,35000.0,0.0,0.5090725806451615
1716264822,35000.0,0.0,0.45866935483870974
1716264852,35000.0,0.0,0.40826612903225823
1716264882,35000.0,0.0,0.3578629032258065
1716264912,35000.0,0.0,0.307459677419355
1716264942,35000.0,0.0,0.25705645161290325
1716264972,35000.0,0.0,0.20665322580645173
1716265002,35000.0,0.0,0.15625000000000022
1716265032,35000.0,0.0,0.10584677419354849
1716265062,35000.0,0.0,0.055443548387096975
1716265092,35000.0,0.0,0.005040322580645462
1716265122,35000.0,0.0,0.0
1716265152,35000.0,0.0,0.0
1716265182,35000.0,0.0,0.0
1716265212,35000.0,0.0,0.0
1716265242,35000.0,0.0,0.0
1716265272,35000.0,0.0,0.0
1716265302,35000.0,0.0,0.0
1716265332,35000.0,0.0,0.0
1716265362,35000.0,0.0,0.0
1716265392,35000.0,0.0,0.0
1716265422,35000.0,0.0,0.0
1716265452,35000.0,0.0,0.0
1716265482,35000.0,0.0,0.0
1716265512,35000.0,0.0,0.0
1716265542,35000.0,0.0,0.0
1716265572,35000.0,0.0,0.0
1716265602,35000.0,0.0,0.0
1716265632,35000.0,0.0,0.0
1716265662,35000.0,0.0,0.0
1716265692,35000.0,0.0,0.0
1716265722,35000.0,0.0,0.0
1716265752,35000.0,0.0,0.0
1716265782,35000.0,0.0,0.0
1716265812,35000.0,0.0,0.0
1716265842,35000.0,0.0,0.0
1716265872,35000.0,0.0,0.0
1716265902,35000.0,0.0,0.0
1716265932,35000.0,0.0,0.0
1716265962,35000.0,0.0,0.0
1716265992,35025.0,0.0,-0.925925925925926
1716266022,35000.0,0.0,0.9856630824372761
1716266052,35000.0,0.0,0.0
1716266082,35000.0,0.0,0.0
1716266112,35000.0,0.0,0.0
1716266142,35000.0,0.0,0.0
1716266172,35025.0,0.0,0.0
1716266202,35008.333333333336,2.777777777777778,0.925925925925926
1716266232,35000.0,0.0,0.0
1716266262,35000.0,0.0,0.0
1716266292,35000.0,0.0,0.0
1716266322,35000.0,0.0,0.0
1716266352,35000.0,0.0,0.0
1716266382,35000.0,0.0,0.0
1716266412,35000.0,0.0,0.0
1716266442,35000.0,0.0,0.0
1716266472,35025.0,0.0,0.0
1716266502,35025.0,5.555555555555555,0.925925925925926
1716266532,35000.0,0.0,0.0
1716266562,35009.84848484849,0.29843893480257117,0.009043604084926398
1716266592,35025.0,0.5131964809384164,0.007668206041113051
1716266622,35017.5,-0.25,-0.025439882697947214
1716266652,35006.617647058825,-0.4181084198385236,-0.008212339145577494
1716266682,35020.68965517241,0.45988668951528294,0.028684793374289082
1716266712,35004.41176470588,-0.5801813626058943,-0.03707041160666465
1716266742,35023.333333333336,0.630718954248366,0.040363343895142005
1716266772,35000.0,-0.7795698924731184,-0.04717988478776874
1716266802,35000.73529411765,0.021626297577854673,0.02672714916974715
1716266832,35022.794117647056,0.6704152249134948,0.022090011358935808
1716266862,35002.5,-0.6764705882352944,-0.044896193771626305
1716266892,35019.85294117647,0.4123414071510959,0.02587240201732366
1716266922,35025.0,0.2228163992869876,-0.0015489910110859997
1716266952,35008.87096774193,-0.5202913631633714,-0.024689980721905088
1716266982,35013.970588235294,0.05511217769840382,0.013863096124385323
1716267012,35012.903225806454,-0.010711881006304713,-0.0006605998723053161
1716267042,35011.666666666664,-0.04121863799283154,-0.001016891899550898
1716267072,35013.709677419356,0.09278529309746808,0.006085917074134986
1716267102,35009.84848484849,-0.1903196184721111,-0.013387690222254764
1716267132,35016.93548387097,0.2530507993567307,0.015831135052620494
1716267162,35006.617647058825,-0.39834244893403276,-0.025094212693481593
1716267192,35021.21212121212,0.5091017123102686,0.03162062270406158
1716267222,35001.6129032258,-0.6566707659319522,-0.0390648696551477
1716267252,35024.26470588235,0.7611061502399821,0.04763490880763367
1716267282,35002.205882352944,-0.5992577296573278,-0.03689270162043663
1716267312,35000.0,-0.09487666034155606,0.014807600214597684
1716267342,35000.0,0.0,0.0038256717879659695
1716267372,35018.382352941175,0.5406574394463668,0.015901689395481377
1716267402,35008.06451612903,-0.3091142804676501,-0.02671436846245685
1716267432,35000.0,-0.2861602497398543,-0.0008638613714761836
1716267462,35000.0,0.0,0.009538674991328478
1716267492,35000.0,0.0,0.0
1716267522,35000.0,0.0,0.0
1716267552,35016.666666666664,0.7936507936507937,0.03779289493575208
1716267582,35008.333333333336,-2.7777777777777777,-1.851851851851852
1716267612,35000.0,0.0,0.0
1716267642,35000.0,0.0,0.0
1716267672,35000.0,0.0,0.0
1716267702,35000.0,0.0,0.0
1716267732,35000.0,0.0,0.0
1716267762,35000.0,0.0,0.0
1716267792,35000.0,0.0,0.0
1716267822,35000.0,0.0,0.0
1716267852,35000.0,0.0,0.0
1716267882,35000.0,0.0,0.0
1716267912,35000.0,0.0,0.0
1716267942,35000.0,0.0,0.0
1716267972,35000.0,0.0,0.0
1716268002,35000.0,0.0,0.0
1716268032,35000.0,0.0,0.0
1716268062,35000.0,0.0,0.0
1716268092,35000.0,0.0,0.0
1716268122,35000.0,0.0,0.0
1716268152,35000.0,0.0,0.0
1716268182,35000.0,0.0,0.0
1716268212,35000.0,0.0,0.0
1716268242,35000.0,0.0,0.0
1716268272,35000.0,0.0,0.0
1716268302,35000.0,0.0,0.0
1716268332,35000.0,0.0,0.0
1716268362,35000.0,0.0,0.0
1716268392,35000.0,0.0,0.0
1716268422,35000.0,0.0,0.0
1716268452,35000.0,0.0,0.0
1716268482,35000.0,0.0,0.0
1716268512,35000.0,0.0,0.0
1716268542,35008.333333333336,0.5555555555555556,0.037037037037037035
1716268572,35008.333333333336,-2.7777777777777777,-1.851851851851852
1716268602,35000.0,0.0,0.0
1716268632,35000.0,0.0,0.0
1716268662,35000.0,0.0,0.0
1716268692,35000.0,0.0,0.0
1716268722,35000.0,0.0,0.0
1716268752,35000.0,0.0,0.0
1716268782,35000.0,0.0,0.0
1716268812,35000.0,0.0,0.0
1716268842,35000.0,0.0,0.0
1716268872,35000.0,0.0,0.0
1716268902,35000.0,0.0,0.0
1716268932,35000.0,0.0,0.0
1716268962,35000.0,0.0,0.0
1716268992,35000.0,0.0,0.0
1716269022,35000.0,0.0,0.0
1716269052,35000.0,0.0,0.0
1716269082,35000.0,0.0,0.0
1716269112,35000.0,0.0,0.0
1716269142,35000.0,0.0,0.0
1716269172,35000.0,0.0,0.0
1716269202,35000.0,0.0,0.0
1716269232,35000.0,0.0,0.0
1716269262,35000.0,0.0,0.0
1716269292,35000.0,0.0,0.0
1716269322,35000.0,0.0,0.0
1716269352,35000.0,0.0,0.0
1716269382,35000.0,0.0,0.0
1716269412,35000.0,0.0,0.0
1716269442,35000.0,0.0,0.0
1716269472,35000.0,0.0,0.0
1716269502,35000.0,0.0,0.0
1716269532,35000.0,0.0,0.0
1716269562,35000.0,0.0,0.0
1716269592,35000.0,0.0,0.0
1716269622,35000.0,0.0,0.0
1716269652,35000.0,0.0,0.0
1716269682,35000.0,0.0,0.0
1716269712,35000.0,0.0,0.0
1716269742,35000.0,0.0,0.0
1716269772,35000.0,0.0,0.0
1716269802,35000.0,0.0,0.0
1716269832,35000.0,0.0,0.0
1716269862,35000.0,0.0,0.0
1716269892,35000.0,0.0,0.0
1716269922,35000.0,0.0,0.0
1716269952,35000.0,0.0,0.0
1716269982,35000.0,0.0,0.0
1716270012,35000.0,0.0,0.0
1716270042,35000.0,0.0,0.0
1716270072,35000.0,0.0,0.0
1716270102,35000.0,0.0,0.0
1716270132,35000.0,0.0,0.0
1716270162,35000.0,0.0,0.0
1716270192,35000.0,0.0,0.0
1716270222,35000.0,0.0,0.0
1716270252,35000.0,0.0,0.0
1716270282,35000.0,0.0,0.0
1716270312,35000.0,0.0,0.0
1716270342,35000.0,0.0,0.0
1716270372,35000.0,0.0,0.0
1716270402,35000.0,0.0,0.0
1716270432,35000.0,0.0,0.0
1716270462,35000.0,0.0,0.0
1716270492,35000.0,0.0,0.0
1716270522,35000.0,0.0,0.0
1716270552,35000.0,0.0,0.0
1716270582,35000.0,0.0,0.0
1716270612,35000.0,0.0,0.0
1716270642,35000.0,0.0,0.0
1716270672,35000.0,0.0,0.0
1716270702,35000.0,0.0,0.0
1716270732,35000.0,0.0,0.0
1716270762,35000.0,0.0,0.0
1716270792,35000.0,0.0,0.0
1716270822,35000.0,0.0,0.0
1716270852,35000.0,0.0,0.0
1716270882,35000.0,0.0,0.0
1716270912,35000.0,0.0,0.0
1716270942,35000.0,0.0,0.0
1716270972,35000.0,0.0,0.0
1716271002,35000.0,0.0,0.0
1716271032,35000.0,0.0,0.0
1716271062,35000.0,0.0,0.0
1716271092,35000.0,0.0,0.0
1716271122,35000.0,0.0,0.0
1716271152,35000.0,0.0,0.0
1716271182,35000.0,0.0,0.0
1716271212,35000.0,0.0,0.0
1716271242,35000.0,0.0,0.0
1716271272,35000.0,0.0,0.0
1716271302,35000.0,0.0,0.0
1716271332,35000.0,0.0,0.0
1716271362,35000.0,0.0,0.0
1716271392,35000.0,0.0,0.0
1716271422,35000.0,0.0,0.0
1716271452,35000.0,0.0,0.0
1716271482,35000.0,0.0,0.0
1716271512,35000.0,0.0,0.0
1716271542,35000.0,0.0,0.0
1716271572,35000.0,0.0,0.0
1716271602,35000.0,0.0,0.0
1716271632,35000.0,0.0,0.0
1716271662,35000.0,0.0,0.0
1716271692,35000.0,0.0,0.0
1716271722,35000.0,0.0,0.0
1716271752,35000.0,0.0,0.0
1716271782,35000.0,0.0,0.0
1716271812,35000.0,0.0,0.0
1716271842,35000.0,0.0,0.0
1716271872,35000.0,0.0,0.0
1716271902,35000.0,0.0,0.0
1716271932,35000.0,0.0,0.0
1716271962,35000.0,0.0,0.0
1716271992,35000.0,0.0,0.0
1716272022,35000.0,0.0,0.0
1716272052,35000.0,0.0,0.0
1716272082,35000.0,0.0,0.0
1716272112,35000.0,0.0,0.0
1716272142,35000.0,0.0,0.0
1716272172,35000.0,0.0,0.0
1716272202,35000.0,0.0,0.0
1716272232,35000.0,0.0,0.0
1716272262,35000.0,0.0,0.0
1716272292,35000.0,0.0,0.0
1716272322,35000.0,0.0,0.0
1716272352,35000.0,0.0,0.0
1716272382,35000.0,0.0,0.0
1716272412,35000.0,0.0,0.0
1716272442,35000.0,0.0,0.0
1716272472,35000.0,0.0,0.0
1716272502,35000.0,0.0,0.0
1716272532,35000.0,0.0,0.0
1716272562,35000.0,0.0,0.0
1716272592,35000.0,0.0,0.0
1716272622,35000.0,0.0,0.0
1716272652,35000.0,0.0,0.0
1716272682,35000.0,0.0,0.0
1716272712,35000.0,0.0,0.0
1716272742,35000.0,0.0,0.0
1716272772,35000.0,0.0,0.0
1716272802,35000.0,0.0,0.0
1716272832,35000.0,0.0,0.0
1716272862,35000.0,0.0,0.0
1716272892,35000.0,0.0,0.0
1716272922,35000.0,0.0,0.0
1716272952,35000.0,0.0,0.0
1716272982,35000.0,0.0,0.0
1716273012,35000.0,0.0,0.0
1716273042,35000.0,0.0,0.0
1716273072,35000.0,0.0,0.0
1716273102,35000.0,0.0,0.0
1716273132,35000.0,0.0,0.0
1716273162,35000.0,0.0,0.0
1716273192,35000.0,0.0,0.0
1716273222,35000.0,0.0,0.0
1716273252,35000.0,0.0,0.0
1716273282,35000.0,0.0,0.0
1716273312,35000.0,0.0,0.0
1716273342,35000.0,0.0,0.0
1716273372,35000.0,0.0,0.0
1716273402,35000.0,0.0,0.0
1716273432,35000.0,0.0,0.0
1716273462,35000.0,0.0,0.0
1716273492,35000.0,0.0,0.0
1716273522,35000.0,0.0,0.0
1716273552,35000.0,0.0,0.0
1716273582,35000.0,0.0,0.0
1716273612,35000.0,0.0,0.0
1716273642,35000.0,0.0,0.0
1716273672,35000.0,0.0,0.0
1716273702,35000.0,0.0,0.0
1716273732,35000.0,0.0,0.0
1716273762,35000.0,0.0,0.0
1716273792,35000.0,0.0,0.0
1716273822,35000.0,0.0,0.0
1716273852,35000.0,0.0,0.0
1716273882,35000.0,0.0,0.0
1716273912,35000.0,0.0,0.0
1716273942,35000.0,0.0,0.0
1716273972,35000.0,0.0,0.0
1716274002,35000.0,0.0,0.0
1716274032,35000.0,0.0,0.0
1716274062,35000.0,0.0,0.0
1716274092,35000.0,0.0,0.0
1716274122,35000.0,0.0,0.0
1716274152,35000.0,0.0,0.0
1716274182,35000.0,0.0,0.0
1716274212,35000.0,0.0,0.0
1716274242,35000.0,0.0,0.0
1716274272,35000.0,0.0,0.0
1716274302,35000.0,0.0,0.0
1716274332,35000.0,0.0,0.0
1716274362,35000.0,0.0,0.0
1716274392,35000.0,0.0,0.0
1716274422,35000.0,0.0,0.0
1716274452,35000.0,0.0,0.0
1716274482,35000.0,0.0,0.0
1716274512,35052.5,1.75,0.05833333333333333
1716274542,35534.375,15.21484375,0.4259847005208333
1716274572,36379.545454545456,27.599862258953166,0.43034620481676267
1716274602,36928.22580645161,18.72575915239807,-0.2765417602132321
1716274632,37013.63636363636,3.1747089664978225,-0.5456327101737788
1716274662,37000.0,-0.3939393939393939,-0.09905388192778222
1716274692,37000.0,0.0,0.0
1716274722,37000.0,0.0,0.0
1716274752,37000.0,0.0,0.0
1716274782,37000.0,0.0,0.0
1716274812,37000.0,0.0,0.0
1716274842,37000.0,0.0,0.0
1716274872,37000.0,0.0,0.0
1716274902,37000.0,0.0,0.0
1716274932,37000.0,0.0,0.0
1716274962,37000.0,0.0,0.0
1716274992,37000.0,0.0,0.0
1716275022,37000.0,0.0,0.0
1716275052,37000.0,0.0,0.0
1716275082,37000.0,0.0,0.0
1716275112,37000.0,0.0,0.0
1716275142,37005.645161290326,0.18210197710718,0.005874257326038065
1716275172,37020.454545454544,0.5220830000888652,0.012667415983520936
1716275202,37000.0,-0.6842619745845553,-0.040443217531477865
1716275232,37000.0,0.0,0.02280873248615184
1716275262,37000.0,0.0,0.0
1716275292,37000.0,0.0,0.0
1716275322,37000.0,0.0,0.0
1716275352,37000.0,0.0,0.0
1716275382,37000.0,0.0,0.0
1716275412,37000.0,0.0,0.0
1716275442,37000.0,0.0,0.0
1716275472,37000.0,0.0,0.0
1716275502,37000.0,0.0,0.0
1716275532,37000.0,0.0,0.0
1716275562,37000.0,0.0,0.0
1716275592,37000.0,0.0,0.0
1716275622,37000.0,0.0,0.0
1716275652,37000.0,0.0,0.0
1716275682,37000.0,0.0,0.0
1716275712,37000.0,0.0,0.0
1716275742,37000.0,0.0,0.0
1716275772,37000.0,0.0,0.0
1716275802,37000.0,0.0,0.0
1716275832,37000.0,0.0,0.0
1716275862,37000.0,0.0,0.0
1716275892,37000.0,0.0,0.0
1716275922,37000.0,0.0,0.0
1716275952,37000.0,0.0,0.0
1716275982,37000.0,0.0,0.0
1716276012,37000.0,0.0,0.0
1716276042,37000.0,0.0,0.0
1716276072,37000.0,0.0,0.0
1716276102,37000.0,0.0,0.0
1716276132,37000.0,0.0,0.0
1716276162,37000.0,0.0,0.0
1716276192,37000.0,0.0,0.0
1716276222,37000.0,0.0,0.0
1716276252,37000.0,0.0,0.0
1716276282,37000.0,0.0,0.0
1716276312,37000.0,0.0,0.0
1716276342,37000.0,0.0,0.0
1716276372,37000.0,0.0,0.0
1716276402,37000.0,0.0,0.0
1716276432,37000.0,0.0,0.0
1716276462,37000.0,0.0,0.0
1716276492,37000.0,0.0,0.0
1716276522,37000.0,0.0,0.0
1716276552,37000.0,0.0,0.0
1716276582,37000.0,0.0,0.0
1716276612,37000.0,0.0,0.0
1716276642,37000.0,0.0,0.0
1716276672,37000.0,0.0,0.0
1716276702,37000.0,0.0,0.0
1716276732,37000.0,0.0,0.0
1716276762,37000.0,0.0,0.0
1716276792,37000.0,0.0,0.0
1716276822,37000.0,0.0,0.0
1716276852,37000.0,0.0,0.0
1716276882,37000.0,0.0,0.0
1716276912,37000.0,0.0,0.0
1716276942,37000.0,0.0,0.0
1716276972,37000.0,0.0,0.0
1716277002,37000.0,0.0,0.0
1716277032,37000.0,0.0,0.0
1716277062,37000.0,0.0,0.0
1716277092,37000.0,0.0,0.0
1716277122,37000.0,0.0,0.0
1716277152,37000.0,0.0,0.0
1716277182,37000.0,0.0,0.0
1716277212,37000.0,0.0,0.0
1716277242,37000.0,0.0,0.0
1716277272,37000.0,0.0,0.0
1716277302,37000.0,0.0,0.0
1716277332,37000.0,0.0,0.0
1716277362,37000.0,0.0,0.0
1716277392,37000.0,0.0,0.0
1716277422,37000.0,0.0,0.0
1716277452,37000.0,0.0,0.0
1716277482,37000.0,0.0,0.0
1716277512,37000.0,0.0,0.0
1716277542,37000.0,0.0,0.0
1716277572,37000.0,0.0,0.0
1716277602,37000.0,0.0,0.0
1716277632,37000.0,0.0,0.0
1716277662,37000.0,0.0,0.0
1716277692,37000.0,0.0,0.0
1716277722,37000.0,0.0,0.0
1716277752,37000.0,0.0,0.0
1716277782,37186.290322580644,6.009365244536941,0.19385049175925614
1716277812,37113.709677419356,-2.055150884495319,-0.25091470578362596
1716277842,37009.67741935484,-3.616024973985432,-0.06797354905844055
1716277872,37000.0,-0.3381893860561914,0.11328924843073412
1716277902,37000.0,0.0,0.013007284079084287
1716277932,36990.44117647059,-0.28114186851211076,-0.008268878485650315
1716277962,36989.0625,-0.0890395220588236,0.004651554728049307
1716277992,37019.354838709674,1.0275754422476586,0.038336162273643636
1716278022,37000.0,-0.6503642039542143,-0.05659217548924172
1716278052,37000.0,0.0,0.021818670068141387
1716278082,37000.0,0.0,0.0
1716278112,37000.0,0.0,0.0
1716278142,37000.0,0.0,0.0
1716278172,37000.0,0.0,0.0
1716278202,37000.0,0.0,0.0
1716278232,37000.0,0.0,0.0
1716278262,37000.0,0.0,0.0
1716278292,37000.0,0.0,0.0
1716278322,37000.0,0.0,0.0
1716278352,37000.0,0.0,0.0
1716278382,37000.0,0.0,0.0
1716278412,37000.0,0.0,0.0
1716278442,37000.0,0.0,0.0
1716278472,37000.0,0.0,0.0
1716278502,37000.0,0.0,0.0
1716278532,37000.0,0.0,0.0
1716278562,37000.0,0.0,0.0
1716278592,37000.0,0.0,0.0
1716278622,37000.0,0.0,0.0
1716278652,37000.0,-3.629032258064516,-2.4356139438085336
1716278682,37000.0,0.0,0.13007284079084286
1716278712,37000.0,0.0,0.0
1716278742,37000.0,0.0,0.0
1716278772,37000.0,0.0,0.0
1716278802,37000.0,0.0,0.0
1716278832,36675.0,-10.15625,-0.3173828125
1716278862,35738.709677419356,-31.00936524453694,-0.6978827498237723
1716278892,34564.0625,-39.32869203629032,-0.2941230829498895
1716278922,33560.48387096774,-33.457173517169615,0.19781282911575648
1716278952,32568.548387096773,-33.064516129032256,0.013217078983585692
1716278982,31643.18181818182,-31.047276281880386,0.061128480216723347
1716279012,31045.0,-19.939393939393938,0.37026274474954823
1716279042,31002.272727272728,-1.4462809917355373,0.6219216963018616
1716279072,31025.0,0.7575757575757576,0.07346189164370982
1716279102,31002.941176470587,-0.5596623676208452,-0.030099722312404806
1716279132,31000.0,-0.0980392156862745,0.015387438397819031
1716279162,30980.303030303032,-0.5968778696051423,-0.012888158853156424
1716279192,30991.91176470588,0.2523068050749713,0.022275215003690473
1716279222,31000.0,0.28462998102466797,0.002459068176008071
1716279252,31014.516129032258,0.46826222684703434,0.005158486475386366
1716279282,31011.71875,-0.03701486895161288,-0.014163998733822191
1716279312,31000.0,-0.4150390625,-0.014914235761088704
1716279342,31000.0,0.0,0.014175907258064517
1716279372,31000.0,0.0,0.0
1716279402,31000.0,0.0,0.0
1716279432,31000.0,0.0,0.0
1716279462,31000.0,0.0,0.0
1716279492,30916.129032258064,-2.705515088449532,-0.08727468027256555
1716279522,30212.09677419355,-23.387096774193548,-0.6889664663824645
1716279552,28887.90322580645,-44.19875130072841,-0.6973582625625189
1716279582,28319.166666666668,-18.9578853046595,0.8413621998689637
1716279612,27396.323529411766,-30.769896193771626,-0.39558834472509846
1716279642,26536.029411764706,-28.866782006920413,0.021707550081088378
1716279672,25901.5625,-21.619370404411764,0.230446433801002
1716279702,25370.3125,-17.87109375,0.1334695255055147
1716279732,24866.666666666668,-16.666666666666668,0.0
1716279762,24370.0,-22.2,-2.721333333333333
1716279792,23900.0,-8.333333333333334,3.472222222222222
1716279822,23545.689655172413,-11.355529131985733,0.08735723299666098
1716279852,23249.242424242424,-9.92368829359425,0.08933009566847683
1716279882,22859.090909090908,-12.718089990817264,-0.08331150394416284
1716279912,22420.0,-14.636363636363637,-0.06394245485154576
1716279942,21933.333333333332,-16.666666666666668,-0.05291005291005295
1716279972,21402.272727272728,-16.59779614325069,0.6334001168711909
1716280002,20925.0,-15.909090909090908,0.02295684113865938
1716280032,20425.0,-16.666666666666668,-0.025252525252525318
1716280062,19785.29411764706,-20.775663206459054,-0.12382372472948494
1716280092,19207.575757575756,-19.445119645654405,0.02786799717652763
1716280122,18574.1935483871,-21.042632358969506,-0.04920213496288135
1716280152,17611.666666666668,-32.084229390681,-0.3680532343903833
1716280182,16414.0625,-39.664713541666664,-0.2661800042702733
1716280212,15716.666666666666,-23.24652777777778,0.5472728587962964
1716280242,15280.882352941177,-14.4838523644752,0.36454764287491237
1716280272,14829.838709677419,-15.024178245699945,-0.017941456971457097
1716280302,14100.0,-23.50928641251222,-0.25893298929407715
1716280332,13060.0,-34.666666666666664,-0.3719126751384816
1716280362,12063.636363636364,-33.52617079889807,0.02445947074046255
1716280392,11404.6875,-16.657788825757578,0.8252793829631544
1716280422,11041.666666666666,-15.277777777777779,-0.9259259259259262
1716280452,10315.625,-23.130580357142858,0.5526380474064627
1716280482,9966.666666666666,-13.88888888888889,-0.925925925925926
1716280512,9041.666666666666,-32.986111111111114,0.6365740740740735
1716280542,8360.9375,-20.87890625,0.2784016927083333
1716280572,7740.0,-21.333333333333336,-0.0847222222222223
1716280602,7150.0,-17.666666666666668,0.2666666666666666
1716280632,6611.666666666667,-20.055555555555557,-0.2780092592592593
1716280662,6066.666666666667,-17.11111111111111,0.14074074074074067
1716280692,5283.333333333333,-33.333333333333336,0.0
1716280722,4687.5,-15.625,0.18229166666666674
1716280752,4436.111111111111,-5.555555555555555,0.13717421124828527
1716280782,4320.833333333333,-2.7777777777777777,0.005787037037037028
1716280812,4083.3333333333335,-10.185185185185185,-0.2366255144032921
1716280842,3675.0,-13.88888888888889,0.0
1716280872,3362.5,-9.375,-1.3020833333333333
1716280902,3095.0,-10.5,-1.0499999999999998
1716280932,2686.1111111111113,-16.358024691358025,-0.13031550068587117
1716280962,2250.0,-15.3125,-0.07725694444444442
1716280992,1863.888888888889,-13.53615520282187,-0.28519638307998113
1716281022,1450.0,-13.333333333333334,0.1018518518518518
1716281052,1047.2222222222222,-11.975308641975309,0.34996570644718794
1716281082,636.1111111111111,-13.88888888888889,0.0
1716281112,233.33333333333334,-12.962962962962964,0.10288065843621391
1716281142,0.0,0.0,2.5
1716281172,0.0,0.0,0.0
1716281202,0.0,0.0,0.0
1716281232,0.0,0.0,0.0
1716281262,0.0,0.0,0.0
1716281292,0.0,0.0,0.0
1716281322,0.0,0.0,0.0
1716281352,0.0,0.0,0.0
1716281382,0.0,0.0,0.0
1716281412,0.0,0.0,0.0
